,repository_name,repository_comment,is_fine_tuned,foundation_model_location,model_save_path,comment
0,alanmitchell/bmon,,False,,,
1,alanmitchell/bmon,,False,,,
2,allegroai/clearml-serving,ClearML Serving - Model deployment made easy,False,,custom-model.pkl,the model is not saved in the VCS
3,allegroai/clearml-serving,ClearML Serving - Model deployment made easy,False,,ensemble-vr.pkl,the model is not saved in the VCS
4,allegroai/clearml-serving,ClearML Serving - Model deployment made easy,True,file system (not saved in VCS),serving_model,the model is not saved in the VCS
5,allegroai/clearml-serving,ClearML Serving - Model deployment made easy,False,,sklearn-model.pkl,the model is not saved in the VCS
6,angsten/pianonet,"all the information to run the app are read from run_description.json file, however, the file is not saved in the file system. This repo gave me a lot of pera :/",False,,models/<run_index>_trained_model,
7,aristoteleo/spateo-release,"implementation of a paper. There are a lot of cascading of the parameters. However, the root of the call is untraceable.",False,,,
8,aristoteleo/spateo-release,"implementation of a paper. There are a lot of cascading of the parameters. However, the root of the call is untraceable.",False,,,
9,aristoteleo/spateo-release,"implementation of a paper. There are a lot of cascading of the parameters. However, the root of the call is untraceable.",False,,,
10,aristoteleo/spateo-release,"implementation of a paper. There are a lot of cascading of the parameters. However, the root of the call is untraceable.",False,,,
11,aristoteleo/spateo-release,"implementation of a paper. There are a lot of cascading of the parameters. However, the root of the call is untraceable.",False,,,
12,aristoteleo/spateo-release,"implementation of a paper. There are a lot of cascading of the parameters. However, the root of the call is untraceable.",False,,,
13,aristoteleo/spateo-release,"implementation of a paper. There are a lot of cascading of the parameters. However, the root of the call is untraceable.",False,,,
14,artonson/def,official implementation of a paper,False,,,
15,artonson/def,official implementation of a paper,False,,,
16,artonson/def,official implementation of a paper,False,,,
17,artonson/def,official implementation of a paper,,,,
18,artonson/def,official implementation of a paper,,,,
19,artonson/def,official implementation of a paper,,,,
20,artonson/def,official implementation of a paper,,,,
21,artonson/def,official implementation of a paper,False,,,
22,AshuKulu/HacktoberFest2022,"the repository is for open contribution for all. However, the type of contribution is not clear from README.md file.",False,,,
23,AshuKulu/HacktoberFest2022,"the repository is for open contribution for all. However, the type of contribution is not clear from README.md file.",False,,,
24,AshuKulu/HacktoberFest2022,"the repository is for open contribution for all. However, the type of contribution is not clear from README.md file.",False,,,
25,AshuKulu/HacktoberFest2022,"the repository is for open contribution for all. However, the type of contribution is not clear from README.md file.",False,,,
26,AshuKulu/HacktoberFest2022,"the repository is for open contribution for all. However, the type of contribution is not clear from README.md file.",False,,,
27,AshuKulu/HacktoberFest2022,"the repository is for open contribution for all. However, the type of contribution is not clear from README.md file.",False,,,
28,AshuKulu/HacktoberFest2022,"the repository is for open contribution for all. However, the type of contribution is not clear from README.md file.",False,,,
29,AshuKulu/HacktoberFest2022,"the repository is for open contribution for all. However, the type of contribution is not clear from README.md file.",False,,,
30,AshuKulu/HacktoberFest2022,"the repository is for open contribution for all. However, the type of contribution is not clear from README.md file.",False,,,
31,AshuKulu/HacktoberFest2022,"the repository is for open contribution for all. However, the type of contribution is not clear from README.md file.",False,,,
32,AshuKulu/HacktoberFest2022,"the repository is for open contribution for all. However, the type of contribution is not clear from README.md file.",False,,,
33,AshuKulu/HacktoberFest2022,"the repository is for open contribution for all. However, the type of contribution is not clear from README.md file.",False,,,
34,AshuKulu/HacktoberFest2022,"the repository is for open contribution for all. However, the type of contribution is not clear from README.md file.",False,,,
35,AshuKulu/HacktoberFest2022,"the repository is for open contribution for all. However, the type of contribution is not clear from README.md file.",False,,,
36,AshuKulu/HacktoberFest2022,"the repository is for open contribution for all. However, the type of contribution is not clear from README.md file.",False,,,
37,AshuKulu/HacktoberFest2022,"the repository is for open contribution for all. However, the type of contribution is not clear from README.md file.",False,,,
38,AshuKulu/HacktoberFest2022,"the repository is for open contribution for all. However, the type of contribution is not clear from README.md file.",False,,Python/Email Spam Classifier/model.pkl,
39,atulapra/Emotion-detection,"This project aims to classify the emotion on a person's face into one of **seven categories**, using deep convolutional neural networks.",False,,src/model.h5,
40,avinashkranjan/Amazing-Python-Scripts,A repo of lots of repos(!!),False,,,
41,avinashkranjan/Amazing-Python-Scripts,A repo of lots of repos(!!),False,,Malaria/Models/malaria.h5,
42,avinashkranjan/Amazing-Python-Scripts,A repo of lots of repos(!!),False,,Malaria/Models/malaria.h5,
43,avinashkranjan/Amazing-Python-Scripts,A repo of lots of repos(!!),False,,Message-Spam/filename.pkl,
44,avinashkranjan/Amazing-Python-Scripts,A repo of lots of repos(!!),False,,,
45,avinashkranjan/Amazing-Python-Scripts,A repo of lots of repos(!!),False,,Salary Predictor/models/random_forest2_model.sav,
46,avinashkranjan/Amazing-Python-Scripts,A repo of lots of repos(!!),False,,,
47,avinashkranjan/Amazing-Python-Scripts,A repo of lots of repos(!!),False,,Message-Spam/filename.pkl,
48,avinashkranjan/Amazing-Python-Scripts,A repo of lots of repos(!!),False,,Movie-Genre-Prediction-Chatbot/model.tflearn,
49,avinashkranjan/Amazing-Python-Scripts,A repo of lots of repos(!!),False,,,
50,avinashkranjan/Amazing-Python-Scripts,A repo of lots of repos(!!),False,,,
51,avinashkranjan/Amazing-Python-Scripts,A repo of lots of repos(!!),False,,,
52,avinashkranjan/Amazing-Python-Scripts,A repo of lots of repos(!!),False,,,
53,avinashkranjan/Amazing-Python-Scripts,A repo of lots of repos(!!),False,,,
54,avinashkranjan/Amazing-Python-Scripts,A repo of lots of repos(!!),False,,,
55,avinashkranjan/Amazing-Python-Scripts,A repo of lots of repos(!!),False,,Reddit-Scraping-And-Flair-Detection/final_model.pkl -1,
56,avinashkranjan/Amazing-Python-Scripts,A repo of lots of repos(!!),False,,Traffic-Sign-Detection/model_final.h5,
57,BioDepot/BioDepot-workflow-builder,The Bwb GUI is designed for non-programmers who want to use a workflow on their own data without worrying about installation and reproducibility. The instruction has given in readme file to download data by ownself to run examples. The data is not provided to maximizes the portability of the docker containers for different workflows.,False,,,
58,BioDepot/BioDepot-workflow-builder,The Bwb GUI is designed for non-programmers who want to use a workflow on their own data without worrying about installation and reproducibility. The instruction has given in readme file to download data by ownself to run examples. The data is not provided to maximizes the portability of the docker containers for different workflows.,False,,,
59,BioDepot/BioDepot-workflow-builder,The Bwb GUI is designed for non-programmers who want to use a workflow on their own data without worrying about installation and reproducibility. The instruction has given in readme file to download data by ownself to run examples. The data is not provided to maximizes the portability of the docker containers for different workflows.,False,,,
60,BioDepot/BioDepot-workflow-builder,The Bwb GUI is designed for non-programmers who want to use a workflow on their own data without worrying about installation and reproducibility. The instruction has given in readme file to download data by ownself to run examples. The data is not provided to maximizes the portability of the docker containers for different workflows.,False,,,
61,BioDepot/BioDepot-workflow-builder,The Bwb GUI is designed for non-programmers who want to use a workflow on their own data without worrying about installation and reproducibility. The instruction has given in readme file to download data by ownself to run examples. The data is not provided to maximizes the portability of the docker containers for different workflows.,False,,,
62,BioDepot/BioDepot-workflow-builder,The Bwb GUI is designed for non-programmers who want to use a workflow on their own data without worrying about installation and reproducibility. The instruction has given in readme file to download data by ownself to run examples. The data is not provided to maximizes the portability of the docker containers for different workflows.,False,,,
63,BioDepot/BioDepot-workflow-builder,The Bwb GUI is designed for non-programmers who want to use a workflow on their own data without worrying about installation and reproducibility. The instruction has given in readme file to download data by ownself to run examples. The data is not provided to maximizes the portability of the docker containers for different workflows.,False,,,
64,boxkite-ml/boxkite,Boxkite is an instrumentation library,False,,examples/grafana-prometheus/model.pkl,
65,boxkite-ml/boxkite,Boxkite is an instrumentation library,,,examples/grafana-prometheus/model.pkl,
66,boxkite-ml/boxkite,Boxkite is an instrumentation library,,,examples/grafana-prometheus/model.pkl,
67,boxkite-ml/boxkite,Boxkite is an instrumentation library,,,model.pkl,
68,boxkite-ml/boxkite,Boxkite is an instrumentation library,,,,
69,bupt-ai-cz/LLVIP,a repository of dataset,conditional yes,online if not found locally,"['<save_dir>/weights/last.pt', '<save_dir>/weights/best.pt', '<save_dir>/weights/epoch<epoch>.pt']",
70,bupt-ai-cz/LLVIP,a repository of dataset,conditional yes,online if not found locally,"['<save_dir>/weights/last.pt', '<save_dir>/weights/best.pt', '<save_dir>/weights/epoch<epoch>.pt']",
71,bupt-ai-cz/LLVIP,a repository of dataset,conditional yes,online if not found locally,"['<save_dir>/weights/last.pt', '<save_dir>/weights/best.pt', '<save_dir>/weights/epoch<epoch>.pt']",
72,bupt-ai-cz/LLVIP,a repository of dataset,conditional yes,online if not found locally,"['<save_dir>/weights/last.pt', '<save_dir>/weights/best.pt', '<save_dir>/weights/epoch<epoch>.pt']",
73,bupt-ai-cz/LLVIP,a repository of dataset,conditional yes,online if not found locally,"['<save_dir>/weights/last.pt', '<save_dir>/weights/best.pt', '<save_dir>/weights/epoch<epoch>.pt']",
74,bupt-ai-cz/LLVIP,a repository of dataset,conditional yes,online if not found locally,"['<save_dir>/weights/last.pt', '<save_dir>/weights/best.pt', '<save_dir>/weights/epoch<epoch>.pt']",
75,bupt-ai-cz/LLVIP,a repository of dataset,conditional yes,online if not found locally,"['<save_dir>/weights/last.pt', '<save_dir>/weights/best.pt', '<save_dir>/weights/epoch<epoch>.pt']",
76,bupt-ai-cz/LLVIP,a repository of dataset,conditional yes,online if not found locally,"['<save_dir>/weights/last.pt', '<save_dir>/weights/best.pt', '<save_dir>/weights/epoch<epoch>.pt']",
77,bupt-ai-cz/LLVIP,a repository of dataset,conditional yes,online if not found locally,"['<save_dir>/weights/last.pt', '<save_dir>/weights/best.pt', '<save_dir>/weights/epoch<epoch>.pt']",
78,bupt-ai-cz/LLVIP,a repository of dataset,conditional yes,online if not found locally,"['<save_dir>/weights/last.pt', '<save_dir>/weights/best.pt', '<save_dir>/weights/epoch<epoch>.pt']",
79,bupt-ai-cz/LLVIP,a repository of dataset,conditional yes,online if not found locally,"['<save_dir>/weights/last.pt', '<save_dir>/weights/best.pt', '<save_dir>/weights/epoch<epoch>.pt']",
80,bupt-ai-cz/LLVIP,a repository of dataset,,,checkpoint_20/CGAN_120/CGAN.model,
81,bupt-ai-cz/LLVIP,a repository of dataset,,,checkpoint_20/CGAN_120/CGAN.model,
82,bupt-ai-cz/LLVIP,a repository of dataset,False,,<opt.checkpoints_dir>/<opt.name>/<epoch>_net_<name>.pth,
83,bupt-ai-cz/LLVIP,a repository of dataset,False,,<opt.checkpoints_dir>/<opt.name>/<epoch>_net_<name>.pth,
84,bupt-ai-cz/LLVIP,a repository of dataset,False,,<opt.checkpoints_dir>/<opt.name>/<epoch>_net_<name>.pth,
85,bupt-ai-cz/LLVIP,a repository of dataset,False,,<opt.checkpoints_dir>/<opt.name>/<epoch>_net_<name>.pth,
86,bupt-ai-cz/LLVIP,a repository of dataset,False,,<opt.checkpoints_dir>/<opt.name>/<epoch>_net_<name>.pth,
87,bupt-ai-cz/LLVIP,a repository of dataset,False,,<opt.checkpoints_dir>/<opt.name>/<epoch>_net_<name>.pth,
88,bupt-ai-cz/LLVIP,a repository of dataset,False,,<opt.checkpoints_dir>/<opt.name>/<epoch>_net_<name>.pth,
89,bupt-ai-cz/LLVIP,a repository of dataset,False,,<opt.checkpoints_dir>/<opt.name>/<epoch>_net_<name>.pth,
90,bupt-ai-cz/LLVIP,a repository of dataset,False,,<opt.checkpoints_dir>/<opt.name>/<epoch>_net_<name>.pth,
91,bupt-ai-cz/LLVIP,a repository of dataset,False,,<opt.checkpoints_dir>/<opt.name>/<epoch>_net_<name>.pth,
92,bupt-ai-cz/LLVIP,a repository of dataset,False,,<opt.checkpoints_dir>/<opt.name>/<epoch>_net_<name>.pth,
93,bupt-ai-cz/LLVIP,a repository of dataset,False,,<opt.checkpoints_dir>/<opt.name>/<epoch>_net_<name>.pth,
94,bupt-ai-cz/LLVIP,a repository of dataset,False,,<opt.checkpoints_dir>/<opt.name>/<epoch>_net_<name>.pth,
95,bupt-ai-cz/LLVIP,a repository of dataset,False,,<opt.checkpoints_dir>/<opt.name>/<epoch>_net_<name>.pth,
96,bupt-ai-cz/LLVIP,a repository of dataset,False,,<opt.checkpoints_dir>/<opt.name>/<epoch>_net_<name>.pth,
97,bupt-ai-cz/LLVIP,a repository of dataset,False,,<opt.checkpoints_dir>/<opt.name>/<epoch>_net_<name>.pth,
98,bupt-ai-cz/LLVIP,a repository of dataset,False,,<opt.checkpoints_dir>/<opt.name>/<epoch>_net_<name>.pth,
99,City-of-Helsinki/mlops-template,nothing found by the detector,False,,examples/model,
100,City-of-Helsinki/mlops-template,nothing found by the detector,False,,examples/local_data/pickle_store/bundle_latest.pickle,
101,colinrsmall/This-Hockey-Player-Does-Not-Exist,"From the readme file, it seems that the pre-trained models are trained by them and hosted in the urls. However, no such instruction is given in the file.",False,,,
102,Covid-19-Response-Greece/covid19-data-greece,This repository provides datasets regarding the COVID-19 outbreak in Greece. Data are updated 3 times a day using Github Actions.,,,,
103,Covid-19-Response-Greece/covid19-data-greece,This repository provides datasets regarding the COVID-19 outbreak in Greece. Data are updated 3 times a day using Github Actions.,,,,
104,Covid-19-Response-Greece/covid19-data-greece,This repository provides datasets regarding the COVID-19 outbreak in Greece. Data are updated 3 times a day using Github Actions.,,,,
105,Covid-19-Response-Greece/covid19-data-greece,This repository provides datasets regarding the COVID-19 outbreak in Greece. Data are updated 3 times a day using Github Actions.,,,,
106,Covid-19-Response-Greece/covid19-data-greece,This repository provides datasets regarding the COVID-19 outbreak in Greece. Data are updated 3 times a day using Github Actions.,,,,
107,Covid-19-Response-Greece/covid19-data-greece,This repository provides datasets regarding the COVID-19 outbreak in Greece. Data are updated 3 times a day using Github Actions.,,,,
108,Covid-19-Response-Greece/covid19-data-greece,This repository provides datasets regarding the COVID-19 outbreak in Greece. Data are updated 3 times a day using Github Actions.,False,,,
109,Covid-19-Response-Greece/covid19-data-greece,This repository provides datasets regarding the COVID-19 outbreak in Greece. Data are updated 3 times a day using Github Actions.,False,,,
110,Covid-19-Response-Greece/covid19-data-greece,This repository provides datasets regarding the COVID-19 outbreak in Greece. Data are updated 3 times a day using Github Actions.,False,,,
111,Covid-19-Response-Greece/covid19-data-greece,This repository provides datasets regarding the COVID-19 outbreak in Greece. Data are updated 3 times a day using Github Actions.,False,,,
112,eclipse/kura,An OSGi-based Application Framework for M2M Service Gateways,False,,saved_model/autoencoder,
113,ekinakyurek/deprem_openai_apis,,False,,,
114,ekinakyurek/deprem_openai_apis,,,,,
115,EngineerDDP/Parallel-SGD,,True,file system (not saved in VCS),CIFARNET.model,
116,EngineerDDP/Parallel-SGD,,False,,,
117,EngineerDDP/Parallel-SGD,,False,,,
118,EngineerDDP/Parallel-SGD,,False,,,
119,EngineerDDP/Parallel-SGD,,False,,,
120,EngineerDDP/Parallel-SGD,,False,,,
121,eternagame/KaggleOpenVaccine,,,,,
122,facebookresearch/param,"Generally, the main purpose is not to train or load a model. They instantiate models withnrandom weights to compare the performance in cpu, gpu and tpu. Should we consider the loading of the models with random weights?",False,,,
123,GauthierDmn/question_answering,,True,,output/exp-1/model.pkl,
124,Giskard-AI/giskard,,False,,,
125,Giskard-AI/giskard,,False,,,
126,Giskard-AI/giskard,,False,,,
127,Giskard-AI/giskard,,False,,,
128,Giskard-AI/giskard,,False,,,
129,harshareddy794/HACKTOBERFEST2020,,False,,Python/flight delay/res.pkl,
130,harshareddy794/HACKTOBERFEST2020,,False,,,
131,harshareddy794/HACKTOBERFEST2020,,False,,,
132,harshareddy794/HACKTOBERFEST2020,,False,,,
133,harshareddy794/HACKTOBERFEST2020,,False,,,
134,harshareddy794/HACKTOBERFEST2020,,False,,,
135,harshareddy794/HACKTOBERFEST2020,,False,,,
136,harshareddy794/HACKTOBERFEST2020,,False,,,
137,harshareddy794/HACKTOBERFEST2020,,False,,,
138,harshareddy794/HACKTOBERFEST2020,,False,,,
139,harshareddy794/HACKTOBERFEST2020,,False,,,
140,harshareddy794/HACKTOBERFEST2020,,False,,,
141,harshareddy794/HACKTOBERFEST2020,,False,,,
142,harshareddy794/HACKTOBERFEST2020,,False,,,
143,harshareddy794/HACKTOBERFEST2020,,False,,,
144,harshareddy794/HACKTOBERFEST2020,,False,,,
145,harshareddy794/HACKTOBERFEST2020,,False,,,
146,harshareddy794/HACKTOBERFEST2020,,False,,,
147,harshareddy794/HACKTOBERFEST2020,,False,,Python/flight delay/res.pkl,
148,harshareddy794/HACKTOBERFEST2020,,False,,,
149,hukaixuan19970627/yolov5_obb,,conditional yes,online if not found locally,"['<save_dir>/weights/last.pt', '<save_dir>/weights/best.pt', '<save_dir>/weights/epoch<epoch>.pt']",
150,hukaixuan19970627/yolov5_obb,,conditional yes,online if not found locally,"['<save_dir>/weights/last.pt', '<save_dir>/weights/best.pt', '<save_dir>/weights/epoch<epoch>.pt']",
151,hukaixuan19970627/yolov5_obb,,conditional yes,online if not found locally,"['<save_dir>/weights/last.pt', '<save_dir>/weights/best.pt', '<save_dir>/weights/epoch<epoch>.pt']",
152,hukaixuan19970627/yolov5_obb,,conditional yes,online if not found locally,"['<save_dir>/weights/last.pt', '<save_dir>/weights/best.pt', '<save_dir>/weights/epoch<epoch>.pt']",
153,hukaixuan19970627/yolov5_obb,,conditional yes,online if not found locally,"['<save_dir>/weights/last.pt', '<save_dir>/weights/best.pt', '<save_dir>/weights/epoch<epoch>.pt']",
154,hukaixuan19970627/yolov5_obb,,conditional yes,online if not found locally,"['<save_dir>/weights/last.pt', '<save_dir>/weights/best.pt', '<save_dir>/weights/epoch<epoch>.pt']",
155,informagi/REL,"Loaded pre-trained NER model using Flair in scripts/code_tutorials/batch_EL.py@37, src/REL/ner/flair_wrapper.py@9 and tests/test_flair_md.py@13 for prediction. Loaded pre-trained bert model using transformers in src/REL/crel/s2e_pe/modeling.py",,,,
156,informagi/REL,"Loaded pre-trained NER model using Flair in scripts/code_tutorials/batch_EL.py@37, src/REL/ner/flair_wrapper.py@9 and tests/test_flair_md.py@13 for prediction. Loaded pre-trained bert model using transformers in src/REL/crel/s2e_pe/modeling.py",False,,/wiki_2019/generated/lr_model.pkl,
157,informagi/REL,"Loaded pre-trained NER model using Flair in scripts/code_tutorials/batch_EL.py@37, src/REL/ner/flair_wrapper.py@9 and tests/test_flair_md.py@13 for prediction. Loaded pre-trained bert model using transformers in src/REL/crel/s2e_pe/modeling.py",False,,/wiki_2014/generated/model.state_dict,
158,infstellar/genshin_impact_assistant,,True,argument and program variable,YOLOX_outputs/<experiment_name>/latest_ckpt.pth,
159,infstellar/genshin_impact_assistant,,True,argument and program variable,YOLOX_outputs/<experiment_name>/latest_ckpt.pth,
160,infstellar/genshin_impact_assistant,,True,argument and program variable,YOLOX_outputs/<experiment_name>/latest_ckpt.pth,
161,iPieter/RobBERT,Loaded model using transformers in src/run_lm.py to resume training. Loaded model using transformers in notebooks/demo_RobBERT_for_conll_ner.ipynb@In[2]:5 for prediction. Loaded model using transformers in notebooks/demo_RobBERT_for_masked_LM.ipynb@In[1]:7 for prediction. Loaded model using fairseq.models.roberta in notebooks/die_dat_demo.ipynb@In[2]:1 for prediction. Loaded model using fairseq.models.roberta in notebooks/evaluate_zeroshot_wordlists.ipynb@In[8]:1 for evaluation in In[10]:1. Loaded model using fairseq.models.roberta in notebooks/evaluate_zeroshot_wordlists_v2.ipynb@In[2]:1 for evaluation in In[4]:1.,True,huggingface,<output_dir>/<checkpoint_prefix>-<global_step>,
162,iPieter/RobBERT,Loaded model using transformers in src/run_lm.py to resume training. Loaded model using transformers in notebooks/demo_RobBERT_for_conll_ner.ipynb@In[2]:5 for prediction. Loaded model using transformers in notebooks/demo_RobBERT_for_masked_LM.ipynb@In[1]:7 for prediction. Loaded model using fairseq.models.roberta in notebooks/die_dat_demo.ipynb@In[2]:1 for prediction. Loaded model using fairseq.models.roberta in notebooks/evaluate_zeroshot_wordlists.ipynb@In[8]:1 for evaluation in In[10]:1. Loaded model using fairseq.models.roberta in notebooks/evaluate_zeroshot_wordlists_v2.ipynb@In[2]:1 for evaluation in In[4]:1.,True,huggingface,<args.output_dir>/checkpoint-<global_step>,
163,joapolarbear/dpro,,False,,,
164,joapolarbear/dpro,,False,,,
165,joapolarbear/dpro,,False,,<args.output_dir>/cost_model/model_weights.h5,
166,Kirili4ik/code2vec,implementation of paper,conditional yes,unknown (passed from argument),,Model is saved if the path is not null and the path is set from argument
167,Kirili4ik/code2vec,implementation of paper,False,,<MODEL_SAVE_PATH>_iter<epoch_num>,
168,kubeflow/kfp-tekton,,False,,,
169,kwrobel-nlp/krnnt,part of implementation of paper,True,file system (not saved in VCS),weight_<uuid>.hdf5.final,
170,kwrobel-nlp/krnnt,part of implementation of paper,True,file system (not saved in VCS),weight_<uuid>.hdf5.final,
171,kwrobel-nlp/krnnt,part of implementation of paper,True,file system (not saved in VCS),weight_<uuid>.hdf5.model.final,
172,kwrobel-nlp/krnnt,part of implementation of paper,True,file system (not saved in VCS),weight_<uuid>.hdf5.final,
173,kwrobel-nlp/krnnt,part of implementation of paper,True,file system (not saved in VCS),weight_<uuid>.hdf5.final,
174,LineaLabs/lineapy,,False,,,
175,LineaLabs/lineapy,,False,,,
176,LineaLabs/lineapy,,False,,,
177,LineaLabs/lineapy,,False,,,
178,LineaLabs/lineapy,,False,,,
179,LineaLabs/lineapy,,False,,,
180,LineaLabs/lineapy,,False,,,
181,LineaLabs/lineapy,,False,,,
182,LineaLabs/lineapy,,False,,,
183,LineaLabs/lineapy,,False,,,
184,LineaLabs/lineapy,,False,,/tmp/my_saved_model,
185,LineaLabs/lineapy,,False,,,
186,LineaLabs/lineapy,,False,,,
187,LineaLabs/lineapy,,False,,test,
188,LineaLabs/lineapy,,False,,my_pet_classifier,
189,LineaLabs/lineapy,,False,,dnn_model,
190,LineaLabs/lineapy,,False,,/tmp/saved_models/<time>,
191,LineaLabs/lineapy,,False,,best_calif.pkl,
192,LineaLabs/lineapy,,False,,,
193,LineaLabs/lineapy,,False,,,
194,LineaLabs/lineapy,,False,,,
195,LineaLabs/lineapy,,False,,,
196,LineaLabs/lineapy,,False,,,
197,LineaLabs/lineapy,,False,,,
198,LineaLabs/lineapy,,False,,,
199,LineaLabs/lineapy,,False,,,
200,LineaLabs/lineapy,,False,,,
201,LineaLabs/lineapy,,False,,my_pet_classifier,
202,LineaLabs/lineapy,,False,,/tmp/saved_models/<time>,
203,LineaLabs/lineapy,,False,,pickle-sample.pkl,
204,LineaLabs/lineapy,,False,,pickle-sample.pkl,
205,LineaLabs/lineapy,,False,,pickle-sample.pkl,
206,LineaLabs/lineapy,,False,,docs/mkdocs/tutorials/iris_model,
207,LineaLabs/lineapy,,False,,examples/self-hosting-lineapy/examples/linear_model_housing,
208,LineaLabs/lineapy,,False,,,
209,LineaLabs/lineapy,,False,,examples/use_cases/predict_house_price/linear_model_housing,
210,louis-she/minetorch,"Minetorch is a tools collection for miners, to use PyTorch in a more convenient way. This is a tool to be used to ease training models using pytorch. The paths we founds are just an example on how to use the tool.",False,,,
211,luca-ant/WhatsSee,,True,file system (not saved in VCS),<working_dir>/data/training/model.h5,
212,luca-ant/WhatsSee,,True,file system (not saved in VCS),<working_dir>/data/training/model.h5,
213,m-doru/Facial-based-authentication-system,"Provided the name of the datasets in the README file, however, didn't give url to download the datasets.",False,,classifiers/casia.pkllinear,
214,m-doru/Facial-based-authentication-system,"Provided the name of the datasets in the README file, however, didn't give url to download the datasets.",False,,,
215,m-doru/Facial-based-authentication-system,"Provided the name of the datasets in the README file, however, didn't give url to download the datasets.",False,,,
216,m-doru/Facial-based-authentication-system,"Provided the name of the datasets in the README file, however, didn't give url to download the datasets.",False,,../classifiers/classifier_tested_on3.pkl,
217,m-doru/Facial-based-authentication-system,"Provided the name of the datasets in the README file, however, didn't give url to download the datasets.",False,,../classifiers/classifier_tested_on3.pkl,
218,m-doru/Facial-based-authentication-system,"Provided the name of the datasets in the README file, however, didn't give url to download the datasets.",False,,../classifiers/classifier_tested_on3.pkl,
219,m-doru/Facial-based-authentication-system,"Provided the name of the datasets in the README file, however, didn't give url to download the datasets.",False,,../classifiers/classifier_tested_on3.pkl,
220,m-doru/Facial-based-authentication-system,"Provided the name of the datasets in the README file, however, didn't give url to download the datasets.",False,,../classifiers/classifier_tested_on3.pkl,
221,m-doru/Facial-based-authentication-system,"Provided the name of the datasets in the README file, however, didn't give url to download the datasets.",False,,../classifiers/classifier_tested_on3.pkl,
222,m-doru/Facial-based-authentication-system,"Provided the name of the datasets in the README file, however, didn't give url to download the datasets.",False,,../classifiers/msu_mfsdredchannel.pkl,
223,m-doru/Facial-based-authentication-system,"Provided the name of the datasets in the README file, however, didn't give url to download the datasets.",False,,../classifiers/msu_mfsdredchannel.pkl,
224,m-doru/Facial-based-authentication-system,"Provided the name of the datasets in the README file, however, didn't give url to download the datasets.",False,,,
225,m-doru/Facial-based-authentication-system,"Provided the name of the datasets in the README file, however, didn't give url to download the datasets.",False,,../classifiers/powerful_classifier.pkl,
226,m-doru/Facial-based-authentication-system,"Provided the name of the datasets in the README file, however, didn't give url to download the datasets.",False,,../classifiers/powerful_classifier.pkl,
227,m-doru/Facial-based-authentication-system,"Provided the name of the datasets in the README file, however, didn't give url to download the datasets.",False,,../classifiers/powerful_classifier.pkl,
228,m-doru/Facial-based-authentication-system,"Provided the name of the datasets in the README file, however, didn't give url to download the datasets.",False,,../classifiers/powerful_classifier.pkl,
229,m-doru/Facial-based-authentication-system,"Provided the name of the datasets in the README file, however, didn't give url to download the datasets.",False,,../classifiers/powerful_classifier.pkl,
230,m-doru/Facial-based-authentication-system,"Provided the name of the datasets in the README file, however, didn't give url to download the datasets.",False,,../classifiers/powerful_classifier.pkl,
231,m-doru/Facial-based-authentication-system,"Provided the name of the datasets in the README file, however, didn't give url to download the datasets.",False,,,
232,mahdeslami11/pyannote-audio,Loaded pre-trained model using huggingface_hub in pyannote/audio/core/model.py for evaluation and inference. The tests/test_train.py and tests/utils/probe_util_test.py file has been used to test code of the model.,False,,<epoch>,
233,mahdeslami11/pyannote-audio,Loaded pre-trained model using huggingface_hub in pyannote/audio/core/model.py for evaluation and inference. The tests/test_train.py and tests/utils/probe_util_test.py file has been used to test code of the model.,False,,,
234,mahdeslami11/pyannote-audio,Loaded pre-trained model using huggingface_hub in pyannote/audio/core/model.py for evaluation and inference. The tests/test_train.py and tests/utils/probe_util_test.py file has been used to test code of the model.,False,,,
235,makgyver/gossipy,,False,,,
236,makgyver/gossipy,,False,,,
237,makgyver/gossipy,,False,,,
238,makgyver/gossipy,,False,,,
239,makgyver/gossipy,,False,,,
240,makgyver/gossipy,,False,,,
241,makgyver/gossipy,,False,,,
242,makgyver/gossipy,,False,,,
243,makgyver/gossipy,,False,,,
244,makgyver/gossipy,,False,,,
245,makgyver/gossipy,,False,,,
246,makgyver/gossipy,,False,,,
247,makgyver/gossipy,,False,,,
248,manthan89-py/Plant-Disease-Detection,,,,,
249,manthan89-py/Plant-Disease-Detection,,False,,Model/plant_disease_model_1.pt,
250,marcusturewicz/dotnet-twitter-bot,There are no python files in the repository. A notebook used to train the model and save it in onnx format. Rest of the code is written in C#.,False,,src/DotNetTwitterBot/spam_filter.onnx,
251,memgraph/mage,Loaded model using gensim.models in python/mage/node2vec_online_module/w2v_learners.py. Used global variable for model and other varaibles. Considered the use in the current file only.,False,,,
252,memgraph/mage,Loaded model using gensim.models in python/mage/node2vec_online_module/w2v_learners.py. Used global variable for model and other varaibles. Considered the use in the current file only.,False,,,
253,memgraph/mage,Loaded model using gensim.models in python/mage/node2vec_online_module/w2v_learners.py. Used global variable for model and other varaibles. Considered the use in the current file only.,unknown,,/tmp/model.pt,
254,microsoft/nnfusion,Loaded model from tensorflow hub in models/tensorflow/google_bert/run_classifier_with_tfhub.py@43 to resume training/fine tuning. Loaded model from tensorflow hub in models/tensorflow/google_bert/predicting_movie_reviews_with_bert_on_tf_hub.ipynb@In[47]:2 to resume training/fine tuning.,False,,,
255,microsoft/nnfusion,Loaded model from tensorflow hub in models/tensorflow/google_bert/run_classifier_with_tfhub.py@43 to resume training/fine tuning. Loaded model from tensorflow hub in models/tensorflow/google_bert/predicting_movie_reviews_with_bert_on_tf_hub.ipynb@In[47]:2 to resume training/fine tuning.,True,online through tensorflow hub,,
256,microsoft/nnfusion,Loaded model from tensorflow hub in models/tensorflow/google_bert/run_classifier_with_tfhub.py@43 to resume training/fine tuning. Loaded model from tensorflow hub in models/tensorflow/google_bert/predicting_movie_reviews_with_bert_on_tf_hub.ipynb@In[47]:2 to resume training/fine tuning.,False,,/tmp/bert.pt,
257,microsoft/nnfusion,Loaded model from tensorflow hub in models/tensorflow/google_bert/run_classifier_with_tfhub.py@43 to resume training/fine tuning. Loaded model from tensorflow hub in models/tensorflow/google_bert/predicting_movie_reviews_with_bert_on_tf_hub.ipynb@In[47]:2 to resume training/fine tuning.,False,,/tmp/rnn.pt,
258,microsoft/nnfusion,Loaded model from tensorflow hub in models/tensorflow/google_bert/run_classifier_with_tfhub.py@43 to resume training/fine tuning. Loaded model from tensorflow hub in models/tensorflow/google_bert/predicting_movie_reviews_with_bert_on_tf_hub.ipynb@In[47]:2 to resume training/fine tuning.,False,,/tmp/rnn.pt,
259,miha-skalic/youtube8mchallenge,,False,,/tmp/yt8m_model/model.ckpt,
260,miha-skalic/youtube8mchallenge,,False,,/tmp/yt8m_model/model.ckpt,
261,miha-skalic/youtube8mchallenge,,False,,,
262,Moving-AI/virtual-walk,"Downloaded and loaded .json model using tfjs.load_graph_model(model_path) in source/dataprocessing/__init__.py@58,48, download_models.py@9,36,37,38,40, source/funciones.py@179,192,161,166 for prediction. Downloaded and loaded .tflite model using tf.lite.Interpreter(path) in source/dataprocessing/__init__.py@58,50,51, download_models.py@9,19,23,24,25 for prediction",True,online,unknown,
263,Moving-AI/virtual-walk,"Downloaded and loaded .json model using tfjs.load_graph_model(model_path) in source/dataprocessing/__init__.py@58,48, download_models.py@9,36,37,38,40, source/funciones.py@179,192,161,166 for prediction. Downloaded and loaded .tflite model using tf.lite.Interpreter(path) in source/dataprocessing/__init__.py@58,50,51, download_models.py@9,19,23,24,25 for prediction",False,,models/scaler_<current_time/i_sess>.pkl,
264,Moving-AI/virtual-walk,"Downloaded and loaded .json model using tfjs.load_graph_model(model_path) in source/dataprocessing/__init__.py@58,48, download_models.py@9,36,37,38,40, source/funciones.py@179,192,161,166 for prediction. Downloaded and loaded .tflite model using tf.lite.Interpreter(path) in source/dataprocessing/__init__.py@58,50,51, download_models.py@9,19,23,24,25 for prediction",False,,models/PCA_<current_time/i_sess>.pkl,
265,Moving-AI/virtual-walk,"Downloaded and loaded .json model using tfjs.load_graph_model(model_path) in source/dataprocessing/__init__.py@58,48, download_models.py@9,36,37,38,40, source/funciones.py@179,192,161,166 for prediction. Downloaded and loaded .tflite model using tf.lite.Interpreter(path) in source/dataprocessing/__init__.py@58,50,51, download_models.py@9,19,23,24,25 for prediction",True,file system (not saved in VCS),models/NN_<i_sess>.h5,
266,mr-chen-king/auto_control_app,,False,,,
267,nasa/bingo,,False,,,
268,nasa/bingo,,False,,,
269,nasa/bingo,,False,,,
270,nasa/bingo,,False,,,
271,naturalis/sdmdl,,False,,,
272,nsu-ai-team/conv1d-text-vae,Used tests/test_conv1d_text_vae.py file for testing models from software testing perspective. Loaded model from url using gensim.models.,False,,,
273,nsu-ai-team/conv1d-text-vae,Used tests/test_conv1d_text_vae.py file for testing models from software testing perspective. Loaded model from url using gensim.models.,False,,,
274,open-mmlab/mmskeleton,,True,argument,,
275,open-mmlab/mmskeleton,,True,method parameter,,
276,open-mmlab/mmskeleton,,True,method parameter,,
277,OpenStackweb/openstack-org,,False,,<folder>/key.pickle,
278,pangyuteng/aigonewrong,,False,,finance/transformer/model.h5,
279,pangyuteng/aigonewrong,,False,,finance/transformer-volatility/model.h5,
280,pangyuteng/aigonewrong,,True,file system (not saved in VCS),checkpoints/diffusion_model_image,
281,pangyuteng/aigonewrong,,True,file system (not saved in VCS),checkpoints/diffusion_model_mask,
282,pangyuteng/aigonewrong,,True,file system (not saved in VCS),tmp/vqvae.h5,
283,pangyuteng/aigonewrong,,True,file system (not saved in VCS),tmp/pixel_cnn.h5,
284,pangyuteng/aigonewrong,,False,,,
285,pangyuteng/aigonewrong,,False,,,
286,pangyuteng/aigonewrong,,False,,checkpoints-celeba/diffusion_model,
287,pangyuteng/aigonewrong,,False,,checkpoints/diffusion_model,
288,pangyuteng/aigonewrong,,False,,checkpoints/diffusion_model,
289,pangyuteng/aigonewrong,,False,,checkpoints-deeplesion/diffusion_model,
290,pangyuteng/aigonewrong,,conditional yes,file system (not saved in VCS),checkpoints/diffusion_model,
291,pangyuteng/aigonewrong,,False,,checkpoints/diffusion_model,
292,pangyuteng/aigonewrong,,conditional yes,file system (not saved in VCS),checkpoints/diffusion_model,
293,PMMon/Thesis_Social_Interactions,the code for the bachelor's thesis,True,file system (not saved in VCS),Experiments/Saved_Models/to_be_defined/<args.model_name>,
294,PMMon/Thesis_Social_Interactions,the code for the bachelor's thesis,True,file system (not saved in VCS),Experiments/Saved_Models/to_be_defined/<args.model_name>,
295,PMMon/Thesis_Social_Interactions,the code for the bachelor's thesis,True,file system (not saved in VCS),Experiments/Saved_Models/to_be_defined/<args.model_name>,
296,PMMon/Thesis_Social_Interactions,the code for the bachelor's thesis,True,file system (not saved in VCS),Experiments/Saved_Models/to_be_defined/<args.model_name>,
297,PMMon/Thesis_Social_Interactions,the code for the bachelor's thesis,True,file system (not saved in VCS),Experiments/Saved_Models/to_be_defined/<args.model_name>,
298,pulp-platform/snitch,,True,runtime memory,,
299,QData/FastSK,,False,,,
300,QData/FastSK,,False,,,
301,QData/FastSK,,False,,,
302,QData/FastSK,,False,,,
303,QData/FastSK,,False,,,
304,QData/FastSK,,False,,,
305,QData/FastSK,,False,,,
306,QData/FastSK,,False,,,
307,QData/FastSK,,False,,,
308,QData/FastSK,,False,,,
309,QData/FastSK,,False,,,
310,QData/FastSK,,False,,,
311,QData/FastSK,,False,,,
312,QData/FastSK,,False,,,
313,QData/FastSK,,False,,,
314,QData/FastSK,,False,,,
315,QData/FastSK,,False,,,
316,QData/FastSK,,False,,,
317,QData/FastSK,,False,,,
318,QData/FastSK,,False,,,
319,QData/FastSK,,False,,,
320,QData/FastSK,,False,,,
321,QData/FastSK,,False,,,
322,QData/FastSK,,False,,,
323,QData/FastSK,,False,,,
324,QData/FastSK,,False,,,
325,QData/FastSK,,False,,,
326,QData/FastSK,,False,,,
327,QData/FastSK,,False,,,
328,QData/FastSK,,False,,,
329,QData/FastSK,,False,,,
330,QData/FastSK,,False,,,
331,QData/FastSK,,False,,,
332,QData/FastSK,,False,,,
333,QData/FastSK,,False,,,
334,QData/FastSK,,False,,,
335,QData/FastSK,,False,,,
336,QData/FastSK,,False,,,
337,QData/FastSK,,False,,,
338,QData/FastSK,,False,,,
339,QData/FastSK,,False,,,
340,QData/FastSK,,False,,,
341,QData/FastSK,,False,,,
342,QData/FastSK,,False,,,
343,QData/FastSK,,False,,,
344,QData/FastSK,,False,,,
345,QData/FastSK,,False,,,
346,QData/FastSK,,False,,,
347,QData/FastSK,,False,,,
348,QData/FastSK,,False,,,
349,QData/FastSK,,False,,,
350,QData/FastSK,,False,,,
351,QData/FastSK,,False,,,
352,QData/FastSK,,False,,,
353,QData/FastSK,,False,,,
354,QData/FastSK,,False,,,
355,QData/FastSK,,False,,,
356,QData/FastSK,,False,,,
357,QData/FastSK,,False,,,
358,QData/FastSK,,False,,,
359,QData/FastSK,,False,,,
360,QData/FastSK,,False,,,
361,QData/FastSK,,False,,,
362,QData/FastSK,,False,,,
363,QData/FastSK,,False,,,
364,QData/FastSK,,False,,,
365,QData/FastSK,,False,,,
366,QData/FastSK,,False,,,
367,QData/FastSK,,False,,,
368,QData/FastSK,,False,,,
369,QData/FastSK,,False,,,
370,QData/FastSK,,False,,,
371,QData/FastSK,,False,,,
372,QData/FastSK,,False,,,
373,QData/FastSK,,False,,,
374,QData/FastSK,,False,,,
375,QData/FastSK,,False,,,
376,QData/FastSK,,False,,,
377,QData/FastSK,,False,,,
378,QData/FastSK,,False,,,
379,QData/FastSK,,False,,,
380,QData/FastSK,,False,,,
381,QData/FastSK,,False,,,
382,QData/FastSK,,False,,,
383,QData/FastSK,,False,,,
384,QData/FastSK,,False,,,
385,QData/FastSK,,False,,,
386,QData/FastSK,,False,,,
387,QData/FastSK,,False,,,
388,QData/FastSK,,False,,,
389,QData/FastSK,,False,,,
390,QData/FastSK,,False,,,
391,QData/FastSK,,False,,,
392,QData/FastSK,,False,,,
393,QData/FastSK,,False,,,
394,QData/FastSK,,False,,,
395,QData/FastSK,,False,,,
396,QData/FastSK,,False,,,
397,QData/FastSK,,False,,,
398,QData/FastSK,,False,,,
399,QData/FastSK,,False,,,
400,QData/FastSK,,False,,,
401,QData/FastSK,,False,,,
402,QData/FastSK,,False,,,
403,QData/FastSK,,False,,,
404,QData/FastSK,,False,,,
405,QData/FastSK,,False,,,
406,qianxunclub/ticket,"They incrementally train the text model with different datasets and changed model architecture and saved the model with different name in each training to keep track. However, only one model is saved in the VCS system.",False,,python/model.v1.0.h5,
407,qianxunclub/ticket,"They incrementally train the text model with different datasets and changed model architecture and saved the model with different name in each training to keep track. However, only one model is saved in the VCS system.",True,file system (saved in VCS),python/model.v1.0.h5,
408,qianxunclub/ticket,"They incrementally train the text model with different datasets and changed model architecture and saved the model with different name in each training to keep track. However, only one model is saved in the VCS system.",False,,,
409,qianxunclub/ticket,"They incrementally train the text model with different datasets and changed model architecture and saved the model with different name in each training to keep track. However, only one model is saved in the VCS system.",False,,python/model.v2.0.h5,
410,qianxunclub/ticket,"They incrementally train the text model with different datasets and changed model architecture and saved the model with different name in each training to keep track. However, only one model is saved in the VCS system.",False,,python/12306.image.model.h5,
411,raffg/trump-tweet-author-identification,,,,,
412,raffg/trump-tweet-author-identification,,False,,ensemble/rf.pkl,
413,raffg/trump-tweet-author-identification,,False,,ensemble/ab.pkl,
414,raffg/trump-tweet-author-identification,,False,,ensemble/gb.pkl,
415,raffg/trump-tweet-author-identification,,False,,ensemble/knn.pkl,
416,raffg/trump-tweet-author-identification,,False,,ensemble/nb.pkl,
417,raffg/trump-tweet-author-identification,,False,,ensemble/gnb.pkl,
418,raffg/trump-tweet-author-identification,,False,,ensemble/svc.pkl,
419,raffg/trump-tweet-author-identification,,False,,ensemble/svm.pkl,
420,raffg/trump-tweet-author-identification,,False,,ensemble/lr.pkl,
421,raffg/trump-tweet-author-identification,,False,,ensemble/tfidf_text.pkl,
422,raffg/trump-tweet-author-identification,,False,,ensemble/tfidf_ner.pkl,
423,raffg/trump-tweet-author-identification,,False,,ensemble/tfidf_pos.pkl,
424,raffg/trump-tweet-author-identification,,False,,,
425,raphaelsty/mkb,A library dedicated to knowledge graph embeddings. Use of models for inference found in some files where the pre-trained model loaded from huggingface in documentation example and passed through program parameter.,False,,,
426,raphaelsty/mkb,A library dedicated to knowledge graph embeddings. Use of models for inference found in some files where the pre-trained model loaded from huggingface in documentation example and passed through program parameter.,False,,,
427,refinery-platform/heatmap-scatter-dash,,False,,,
428,ryry013/Rai,,False,,,
429,ryry013/Rai,,False,,,
430,ryry013/Rai,,False,,,
431,ryry013/Rai,,False,,,
432,SamarthTMSL/HacktoberFest-Projects-and-games,,False,,,
433,SamarthTMSL/HacktoberFest-Projects-and-games,,False,,Stock Market Prediction/keras_model.h5,
434,SamarthTMSL/HacktoberFest-Projects-and-games,,False,,,
435,SamarthTMSL/HacktoberFest-Projects-and-games,,False,,youtube-adview-predictor/Youtube-Adview-Prediction/SVR_youtubeadview.pkl,
436,SamarthTMSL/HacktoberFest-Projects-and-games,,False,,,
437,SamarthTMSL/HacktoberFest-Projects-and-games,,False,,,
438,SamarthTMSL/HacktoberFest-Projects-and-games,,False,,youtube-adview-predictor/Youtube-Adview-Prediction/ann_youtubeadview.h5,
439,Samuel-Buteau/universal-battery-database,,False,,,
440,sapols/Satellite-Telemetry-Anomaly-Detection,,False,,,
441,sapols/Satellite-Telemetry-Anomaly-Detection,,False,,,
442,sapols/Satellite-Telemetry-Anomaly-Detection,,False,,,
443,sapols/Satellite-Telemetry-Anomaly-Detection,,False,,,
444,sapols/Satellite-Telemetry-Anomaly-Detection,,False,,,
445,sapols/Satellite-Telemetry-Anomaly-Detection,,False,,weights/ae_weights.h5,
446,sapols/Satellite-Telemetry-Anomaly-Detection,,False,,weights/ae_weights.h5,
447,sapols/Satellite-Telemetry-Anomaly-Detection,,False,,weights/ae_weights.h5,
448,sapols/Satellite-Telemetry-Anomaly-Detection,,False,,weights/ae_weights.h5,
449,sapols/Satellite-Telemetry-Anomaly-Detection,,False,,weights/ae_weights.h5,
450,SeanNaren/deepspeech.pytorch,,True,unknown,,
451,SoloTodo/solotodo_core,,False,,,
452,StanfordASL/CoCo,Implementation of paper,True,file system (not saved in VCS),models/mlopt_cartpole_20210118_1806.pt,
453,StanfordASL/CoCo,Implementation of paper,True,file system (not saved in VCS),models/CoCoFF_free_flyer_20210125_0808.pt,
454,StanfordASL/CoCo,Implementation of paper,True,file system (not saved in VCS),models/regression_cartpole_20210118_1832.pt,
455,StanfordASL/CoCo,Implementation of paper,True,file system (not saved in VCS),models/regression_free_flyer_20200708_0809.pt,
456,StanfordASL/CoCo,Implementation of paper,True,file system (not saved in VCS),mlopt_free_flyer_20200707_1425.pt,
457,StanfordASL/CoCo,Implementation of paper,True,file system (not saved in VCS),models/mlopt_manipulation_20210119_0636.pt,
458,StanfordASL/CoCo,Implementation of paper,True,file system (not saved in VCS),models/regression_manipulation_20210119_1057.pt,
459,SteveF92/FantasyCritic,,False,,,
460,TexasInstruments/edgeai-benchmark,"This repository provides a collection of scripts for various image recognition tasks such as classification, segmentation, detection and keypoint detection.",,,,
461,TexasInstruments/edgeai-benchmark,"This repository provides a collection of scripts for various image recognition tasks such as classification, segmentation, detection and keypoint detection.",,,,
462,TexasInstruments/edgeai-benchmark,"This repository provides a collection of scripts for various image recognition tasks such as classification, segmentation, detection and keypoint detection.",,,,
463,TexasInstruments/edgeai-benchmark,"This repository provides a collection of scripts for various image recognition tasks such as classification, segmentation, detection and keypoint detection.",,,,
464,TexasInstruments/edgeai-benchmark,"This repository provides a collection of scripts for various image recognition tasks such as classification, segmentation, detection and keypoint detection.",,,,
465,TexasInstruments/edgeai-benchmark,"This repository provides a collection of scripts for various image recognition tasks such as classification, segmentation, detection and keypoint detection.",,,,
466,TexasInstruments/edgeai-benchmark,"This repository provides a collection of scripts for various image recognition tasks such as classification, segmentation, detection and keypoint detection.",,,,
467,TexasInstruments/edgeai-benchmark,"This repository provides a collection of scripts for various image recognition tasks such as classification, segmentation, detection and keypoint detection.",,,,
468,thevasudevgupta/bigbird,Loaded model using transformers api in notebooks/bigbird_pegasus_evaluation.ipynb@In[6]:2 for prediction. Loaded model using train_nq_flax api in notebooks/evaluate-flax-natural-questions.ipynb@In[19]:3 for evaluation. Loaded model using train_nq api in notebooks/evaluate-torch-natural-questions.ipynb@In[14]:5 for evaluation.,True,online through library (transformers),training-expt/bigbird-roberta-natural-questions-e<epoch>-s<i>,
469,thevasudevgupta/bigbird,Loaded model using transformers api in notebooks/bigbird_pegasus_evaluation.ipynb@In[6]:2 for prediction. Loaded model using train_nq_flax api in notebooks/evaluate-flax-natural-questions.ipynb@In[19]:3 for evaluation. Loaded model using train_nq api in notebooks/evaluate-torch-natural-questions.ipynb@In[14]:5 for evaluation.,True,online through library (transformers),final-model,
470,tianxing1994/OpenCV,,False,,,
471,tianxing1994/OpenCV,,False,,,
472,tianxing1994/OpenCV,,False,,,
473,tianxing1994/OpenCV,,False,,,
474,tianxing1994/OpenCV,,False,,,
475,tianxing1994/OpenCV,,False,,,
476,tianxing1994/OpenCV,,False,,,
477,tianxing1994/OpenCV,,False,,,
478,tianxing1994/OpenCV,,False,,,
479,tianxing1994/OpenCV,,False,,,
480,tianxing1994/OpenCV,,False,,,
481,tianxing1994/OpenCV,,False,,,
482,tianxing1994/OpenCV,,False,,,
483,tianxing1994/OpenCV,,False,,,
484,tianxing1994/OpenCV,,False,,,
485,tianxing1994/OpenCV,,False,,,
486,tianxing1994/OpenCV,,False,,,
487,tianxing1994/OpenCV,,False,,,
488,tianxing1994/OpenCV,,False,,,
489,tianxing1994/OpenCV,,False,,,
490,tianxing1994/OpenCV,,False,,,
491,tianxing1994/OpenCV,,False,,,
492,tianxing1994/OpenCV,,False,,,
493,tianxing1994/OpenCV,,False,,,
494,tianxing1994/OpenCV,,False,,,
495,tianxing1994/OpenCV,,False,,,
496,tianxing1994/OpenCV,,False,,,
497,tianxing1994/OpenCV,,False,,,
498,tianxing1994/OpenCV,,False,,,
499,tjhunter/dds_py,The DDS package solves the synchronization problem between code and data.,False,,,
500,tjhunter/dds_py,The DDS package solves the synchronization problem between code and data.,False,,,
501,tjhunter/dds_py,The DDS package solves the synchronization problem between code and data.,False,,,
502,toshan-luktuke/stock-market-analyser,,False,,../Models/ANN/stock_name.h5,
503,toshan-luktuke/stock-market-analyser,,False,,,
504,trevphil/cryptosym,,False,,learning_output/learning_<now_time>/model.pt,
505,ubicomplab/rPPG-Toolbox,,False,,PreTrainedModels/<Data_derived_name>/_Epoch<epoch>.pth,
506,ubicomplab/rPPG-Toolbox,,False,,PreTrainedModels/<Data_derived_name>/_Epoch<epoch>.pth,
507,ubicomplab/rPPG-Toolbox,,False,,PreTrainedModels/<Data_derived_name>/_Epoch<epoch>.pth,
508,ubicomplab/rPPG-Toolbox,,False,,PreTrainedModels/<Data_derived_name>/_Epoch<epoch>.pth,
509,ubicomplab/rPPG-Toolbox,,False,,PreTrainedModels/<Data_derived_name>/_Epoch<epoch>.pth,
510,ubicomplab/rPPG-Toolbox,,False,,PreTrainedModels/<Data_derived_name>/_Epoch<epoch>.pth,
511,ubicomplab/rPPG-Toolbox,,False,,PreTrainedModels/<Data_derived_name>/_Epoch<epoch>.pth,
512,ubicomplab/rPPG-Toolbox,,False,,PreTrainedModels/<Data_derived_name>/_Epoch<epoch>.pth,
513,ubicomplab/rPPG-Toolbox,,False,,PreTrainedModels/<Data_derived_name>/_Epoch<epoch>.pth,
514,ubicomplab/rPPG-Toolbox,,False,,PreTrainedModels/<Data_derived_name>/_Epoch<epoch>.pth,
515,ubicomplab/rPPG-Toolbox,,False,,PreTrainedModels/<Data_derived_name>/_Epoch<epoch>.pth,
516,ubicomplab/rPPG-Toolbox,,False,,PreTrainedModels/<Data_derived_name>/_Epoch<epoch>.pth,
517,ubicomplab/rPPG-Toolbox,,False,,PreTrainedModels/<Data_derived_name>/_Epoch<epoch>.pth,
518,ubicomplab/rPPG-Toolbox,,False,,PreTrainedModels/<Data_derived_name>/_Epoch<epoch>.pth,
519,ubicomplab/rPPG-Toolbox,,False,,PreTrainedModels/<Data_derived_name>/_Epoch<epoch>.pth,
520,ubicomplab/rPPG-Toolbox,,False,,PreTrainedModels/<Data_derived_name>/_Epoch<epoch>.pth,
521,ubicomplab/rPPG-Toolbox,,False,,PreTrainedModels/<Data_derived_name>/_Epoch<epoch>.pth,
522,ubicomplab/rPPG-Toolbox,,False,,PreTrainedModels/<Data_derived_name>/_Epoch<epoch>.pth,
523,ubicomplab/rPPG-Toolbox,,False,,PreTrainedModels/<Data_derived_name>/_Epoch<epoch>.pth,
524,ubicomplab/rPPG-Toolbox,,False,,PreTrainedModels/<Data_derived_name>/_Epoch<epoch>.pth,
525,undera/chess-engine-nn,Interesting repository. A program to make computer chess game with a 7 year old daughter :),True,file system (not saved in VCS),<path>/<str(cs)>.hdf5,
526,UnitTestBot/UTBotJava,,False,,<args.output_dir>/linear.txt,
527,UnitTestBot/UTBotJava,,False,,<args.output_dir>/nn.json,
528,v-sivak/quantum-control-rl,This repo was abandoned for a long time and is being cleaned up now.,True,file system (not saved in VCS - outside of the repository),<root_dir>/policy/<epoch>,
529,vtuber-plan/vcvits,a repository for a voice conversion model,False,,,
530,vtuber-plan/vcvits,a repository for a voice conversion model,False,,,
531,wandb/sweeps,,False,,,
532,wildboar-foundation/wildboar,A library,False,,,
533,wildboar-foundation/wildboar,A library,False,,,
534,wildboar-foundation/wildboar,A library,False,,,
535,wildboar-foundation/wildboar,A library,False,,,
536,wildboar-foundation/wildboar,A library,False,,,
537,wildboar-foundation/wildboar,A library,False,,,
538,wildboar-foundation/wildboar,A library,False,,,
539,wildboar-foundation/wildboar,A library,False,,,
540,wildboar-foundation/wildboar,A library,False,,,
541,wildboar-foundation/wildboar,A library,False,,,
542,wimlds-trojmiasto/detect-waste,Loaded model using torch.hub.load in detr/notebooks/BALOONS_finetuning_detr.ipynb@In[6]:1,False,,/dih4/dih4_2/wimlds/smajchrowska/classifier/effnet.ckpt,
543,wimlds-trojmiasto/detect-waste,Loaded model using torch.hub.load in detr/notebooks/BALOONS_finetuning_detr.ipynb@In[6]:1,False,,checkpoint.pth,
544,wimlds-trojmiasto/detect-waste,Loaded model using torch.hub.load in detr/notebooks/BALOONS_finetuning_detr.ipynb@In[6]:1,False,,checkpoint.pth,
545,wimlds-trojmiasto/detect-waste,Loaded model using torch.hub.load in detr/notebooks/BALOONS_finetuning_detr.ipynb@In[6]:1,False,,checkpoint.pth,
546,wimlds-trojmiasto/detect-waste,Loaded model using torch.hub.load in detr/notebooks/BALOONS_finetuning_detr.ipynb@In[6]:1,False,,checkpoint.pth,
547,wimlds-trojmiasto/detect-waste,Loaded model using torch.hub.load in detr/notebooks/BALOONS_finetuning_detr.ipynb@In[6]:1,True,online,,
548,wimlds-trojmiasto/detect-waste,Loaded model using torch.hub.load in detr/notebooks/BALOONS_finetuning_detr.ipynb@In[6]:1,True,online,,
549,wimlds-trojmiasto/detect-waste,Loaded model using torch.hub.load in detr/notebooks/BALOONS_finetuning_detr.ipynb@In[6]:1,True,online,,
550,wimlds-trojmiasto/detect-waste,Loaded model using torch.hub.load in detr/notebooks/BALOONS_finetuning_detr.ipynb@In[6]:1,True,online,,
551,wimlds-trojmiasto/detect-waste,Loaded model using torch.hub.load in detr/notebooks/BALOONS_finetuning_detr.ipynb@In[6]:1,True,online,,
552,wimlds-trojmiasto/detect-waste,Loaded model using torch.hub.load in detr/notebooks/BALOONS_finetuning_detr.ipynb@In[6]:1,True,online,,
553,wimlds-trojmiasto/detect-waste,Loaded model using torch.hub.load in detr/notebooks/BALOONS_finetuning_detr.ipynb@In[6]:1,True,online,,
554,wimlds-trojmiasto/detect-waste,Loaded model using torch.hub.load in detr/notebooks/BALOONS_finetuning_detr.ipynb@In[6]:1,True,online,,
555,wimlds-trojmiasto/detect-waste,Loaded model using torch.hub.load in detr/notebooks/BALOONS_finetuning_detr.ipynb@In[6]:1,True,online,,
556,wimlds-trojmiasto/detect-waste,Loaded model using torch.hub.load in detr/notebooks/BALOONS_finetuning_detr.ipynb@In[6]:1,conditional yes,unknown,/dih4/dih4_2/wimlds/smajchrowska/checkpoint<epoch>.pth,
557,wimlds-trojmiasto/detect-waste,Loaded model using torch.hub.load in detr/notebooks/BALOONS_finetuning_detr.ipynb@In[6]:1,False,,<out>/classification_ResNet50.pth,
558,wimlds-trojmiasto/detect-waste,Loaded model using torch.hub.load in detr/notebooks/BALOONS_finetuning_detr.ipynb@In[6]:1,True,library api,../../FastRCNN/mkortas/detect-waste/models/model,
559,wolfmanstout/screen-ocr,,False,,,
560,yjh0410/FreeYOLO,Loaded pre-trained model in deployment/ONNXRuntime/onnx_inference.py@61 and deployment/OpenVINO/python/openvino_inference.py@51 using third party library.,True,unknown (set through argument),,
561,yjh0410/FreeYOLO,Loaded pre-trained model in deployment/ONNXRuntime/onnx_inference.py@61 and deployment/OpenVINO/python/openvino_inference.py@51 using third party library.,True,unknown (set through argument),,
562,yjh0410/FreeYOLO,Loaded pre-trained model in deployment/ONNXRuntime/onnx_inference.py@61 and deployment/OpenVINO/python/openvino_inference.py@51 using third party library.,True,unknown (set through argument),,
563,yjh0410/FreeYOLO,Loaded pre-trained model in deployment/ONNXRuntime/onnx_inference.py@61 and deployment/OpenVINO/python/openvino_inference.py@51 using third party library.,True,unknown (set through argument),,
564,yjh0410/FreeYOLO,Loaded pre-trained model in deployment/ONNXRuntime/onnx_inference.py@61 and deployment/OpenVINO/python/openvino_inference.py@51 using third party library.,True,unknown (set through argument),,
565,yjh0410/FreeYOLO,Loaded pre-trained model in deployment/ONNXRuntime/onnx_inference.py@61 and deployment/OpenVINO/python/openvino_inference.py@51 using third party library.,True,unknown (set through argument),,
566,yjh0410/FreeYOLO,Loaded pre-trained model in deployment/ONNXRuntime/onnx_inference.py@61 and deployment/OpenVINO/python/openvino_inference.py@51 using third party library.,True,unknown (set through argument),,
567,yjh0410/PyTorch_YOWO,Implementation of paper.,,,,
568,yjh0410/PyTorch_YOWO,Implementation of paper.,,,,
569,yjh0410/PyTorch_YOWO,Implementation of paper.,,,,
570,zhengying-liu/autodl-contrib,"Datasets are provided from many files, however, they are not used for any model training.",False,,,
571,zhengying-liu/autodl-contrib,"Datasets are provided from many files, however, they are not used for any model training.",False,,utils/automl_format/sample_code_submission/<basename>,
